year,emissions_gtc,emissions_ppm,emissions_fossil_excl_cement_gtc,emissions_fossil_excl_cement_ppm,emissions_fossil_cement_gtc,emissions_fossil_cement_ppm,emissions_fossil_cement_luc_gtc,emissions_fossil_cement_luc_ppm,observed_law_dome_instrumental_spliced_ppm,observed_noaa_global_ppm,observed_noaa_mauna_loa_ppm
1900,1.751896909090909,0.8248102208525936,0.5349518181818181,0.2518605546995377,0.5353322727272727,0.2520396764252696,1.751896909090909,0.8248102208525936,296.3666666666667,,
1901,1.8030207272727274,0.8488798151001541,0.5519899090909092,0.2598822547508988,0.5524442727272728,0.26009617360041093,1.8030207272727274,0.8488798151001541,296.3666666666666,,
1902,1.8285572727272725,0.860902670775552,0.565854,0.26640960451977397,0.5664425454545454,0.26668669748330764,1.8285572727272725,0.860902670775552,295.7,,
1903,1.8893702727272728,0.8895340267077555,0.6169208181818181,0.2904523626091422,0.6176157272727272,0.2907795326142783,1.8893702727272728,0.8895340267077555,295.05,,
1904,1.9255442727272727,0.9065651001540831,0.623365090909091,0.2934863893168978,0.6241148181818181,0.29383936825885976,1.9255442727272727,0.9065651001540831,295.1,,
1905,1.975223181818182,0.9299544170518748,0.664112181818182,0.31267051874678997,0.6650700000000002,0.31312146892655374,1.975223181818182,0.9299544170518748,298.6499999999999,,
1906,2.0231888181818185,0.9525371083718542,0.6933692727272728,0.3264450436569081,0.6945957272727273,0.32702247046738575,2.0231888181818185,0.9525371083718542,296.9,,
1907,2.120941363636364,0.9985599640472522,0.7904361818181818,0.3721450950179763,0.791698909090909,0.37273959938366713,2.120941363636364,0.9985599640472522,299.1333333333333,,
1908,2.1026997272727272,0.9899716230097585,0.759201,0.35743926553672317,0.7605166363636364,0.3580586800205444,2.1026997272727272,0.9899716230097585,299.76666666666665,,
1909,2.155759363636364,1.0149526194144838,0.7905556363636365,0.3722013353877761,0.7922083636363637,0.3729794555726759,2.155759363636364,1.0149526194144838,300.4,,
1910,2.1398402727272727,1.007457755521315,0.8293208181818181,0.39045236260914223,0.8312525454545455,0.3913618387262455,2.1398402727272727,1.007457755521315,299.59999999999997,,
1911,2.143787181818182,1.0093159989727787,0.8420937272727272,0.3964659732922444,0.8440731818181817,0.39739791987673334,2.143787181818182,1.0093159989727787,298.79999999999995,,
1912,2.159695090909091,1.016805598356446,0.884714181818182,0.4165321006676939,0.8867948181818183,0.4175116846430406,2.159695090909091,1.016805598356446,299.16666666666663,,
1913,2.2207344545454544,1.0455435285053927,0.9583388181818181,0.45119530046224954,0.9606613636363636,0.45228877760657415,2.2207344545454544,1.0455435285053927,300.7,,
1914,2.133325090909091,1.0043903441191577,0.8692813636363638,0.40926617873651777,0.8714934545454546,0.4103076527991782,2.133325090909091,1.0043903441191577,300.0,,
1915,2.099713090909091,0.9885654853620954,0.855735,0.40288841807909603,0.8578936363636365,0.4039047252182846,2.099713090909091,0.9885654853620954,301.0,,
1916,2.165144454545455,1.0193712121212122,0.9242937272727274,0.43516653826399593,0.9265958181818182,0.43625038520801235,2.165144454545455,1.0193712121212122,301.3,,
1917,2.1854288181818182,1.0289212891628146,0.9669534545454546,0.45525115562403695,0.969274090909091,0.45634373394966615,2.1854288181818182,1.0289212891628146,302.0692307692308,,
1918,2.160208090909091,1.0170471237801746,0.953847,0.44908050847457626,0.955624909090909,0.44991756548536205,2.160208090909091,1.0170471237801746,302.8384615384616,,
1919,2.024767363636364,0.9532803030303031,0.8267765454545455,0.3892544940934771,0.8287944545454545,0.3902045454545454,2.024767363636364,0.9532803030303031,303.6,,
1920,2.2694023636363636,1.0684568567026194,0.9641836363636364,0.45394709809964046,0.9666572727272728,0.4551117103235747,2.2694023636363636,1.0684568567026194,303.5,,
1921,2.208797181818182,1.039923343605547,0.8466452727272727,0.39860888546481765,0.8490834545454546,0.3997568053415511,2.208797181818182,1.039923343605547,303.4,,
1922,2.268787090909091,1.0681671802773498,0.8868679090909092,0.4175460965588084,0.8897173636363637,0.4188876476630714,2.268787090909091,1.0681671802773498,303.3,,
1923,2.418665181818182,1.1387312532100669,1.0057568181818182,0.47352015921931173,1.0091678181818182,0.47512609142270157,2.418665181818182,1.1387312532100669,303.2,,
1924,2.407454727272727,1.1334532614278374,1.0090489090909092,0.47507010785824344,1.012753090909091,0.476814072932717,2.407454727272727,1.1334532614278374,304.88571428571424,,
1925,2.450837454545454,1.1538782742681044,1.0153974545454545,0.4780590652285567,1.0193326363636364,0.47991178736517714,2.450837454545454,1.1538782742681044,304.1,,
1926,2.4383533636363635,1.1480006420133537,0.9980888181818183,0.46990998972778636,1.0021088181818183,0.471802645095018,2.4383533636363635,1.1480006420133537,304.8909090909091,,
1927,2.531247,1.1917358757062146,1.0894268181818183,0.5129128145865435,1.093639909090909,0.5148963790446841,2.531247,1.1917358757062146,304.9818181818182,,
1928,2.541831818181818,1.1967193117616846,1.079398090909091,0.5081911915767848,1.0891025454545455,0.5127601438109913,2.541831818181818,1.1967193117616846,305.7200000000001,,
1929,2.6366735454545456,1.2413717257318952,1.1586755454545457,0.5455157935285054,1.1687318181818183,0.5502503852080123,2.6366735454545456,1.2413717257318952,305.7,,
1930,2.561967545454546,1.2061994093477146,1.0691618181818183,0.5033718541345661,1.078860272727273,0.5079379815100155,2.561967545454546,1.2061994093477146,306.225,,
1931,2.4713991818181817,1.1635589368258858,0.9563432727272728,0.4502557781201849,0.9647689090909091,0.4542226502311248,2.4713991818181817,1.1635589368258858,306.75,,
1932,2.388165,1.1243714689265536,0.8636116363636362,0.4065968156137647,0.8703463636363635,0.4097675911658962,2.388165,1.1243714689265536,307.275,,
1933,2.4223759090909094,1.140478299948639,0.9101735454545454,0.4285186183872624,0.9166750909090909,0.4315796096558808,2.4223759090909094,1.140478299948639,307.8,,
1934,2.517001636363637,1.1850290190035955,0.9889249090909091,0.465595531587057,0.9967014545454547,0.4692568053415511,2.517001636363637,1.1850290190035955,307.6,,
1935,2.548713818181818,1.1999594247560348,1.036828090909091,0.48814881869542887,1.0455711818181819,0.4922651515151515,2.548713818181818,1.1999594247560348,309.2,,
1936,2.686439727272727,1.2648021314843347,1.1363724545454545,0.5350152799178223,1.146936818181818,0.539989085772984,2.686439727272727,1.2648021314843347,309.06666666666666,,
1937,2.7599830909090914,1.2994270672829997,1.2145080000000004,0.5718022598870058,1.2256363636363639,0.5770416024653313,2.7599830909090914,1.2994270672829997,308.2142857142857,,
1938,2.6981640000000002,1.2703220338983052,1.1424261818181818,0.5378654340010272,1.152931909090909,0.5428116332819721,2.6981640000000002,1.2703220338983052,309.6,,
1939,2.755327909090909,1.2972353620955315,1.2086214545454546,0.5690308166409861,1.2183466363636364,0.5736095274781715,2.755327909090909,1.2972353620955315,310.5,,
1940,2.8976839090909094,1.3642579609655883,1.3227283636363638,0.622753466872111,1.3313004545454548,0.6267892912172573,2.8976839090909094,1.3642579609655883,311.9,,
1941,2.968965272727272,1.39781792501284,1.3504808181818182,0.6358195942475603,1.362288,0.6413785310734462,2.968965272727272,1.39781792501284,310.5,,
1942,2.9683074545454553,1.39750821777093,1.3473035454545457,0.6343237031330252,1.3577697272727274,0.6392512840267077,2.9683074545454553,1.39750821777093,310.9,,
1943,2.990521909090909,1.4079670005136105,1.373502818181818,0.6466585772984077,1.3829852727272727,0.6511230097586029,2.990521909090909,1.4079670005136105,310.5,,
1944,2.9956971818181812,1.4104035695942472,1.4005892727272726,0.6594111453518232,1.4067703636363635,0.6623212634822804,2.9956971818181812,1.4104035695942472,311.4,,
1945,2.767838181818182,1.303125321006677,1.1624631818181819,0.5472990498202362,1.1687320909090908,0.550250513610683,2.767838181818182,1.303125321006677,309.6,,
1946,2.8451454545454546,1.3395223420647149,1.245894,0.5865790960451978,1.2557956363636364,0.591240883410375,2.8451454545454546,1.3395223420647149,311.5,,
1947,2.9833350000000003,1.4045833333333333,1.3956861818181818,0.6571027221366205,1.407451909090909,0.6626421417565485,2.9833350000000003,1.4045833333333333,310.8,,
1948,3.0457628181818186,1.4339749614791988,1.4703834545454546,0.6922709296353364,1.4844657272727273,0.698901001540832,3.0457628181818186,1.4339749614791988,310.5,,
1949,2.9681367272727273,1.3974278376990241,1.4022717272727272,0.6602032614278376,1.4181414545454545,0.6676748844375963,2.9681367272727273,1.3974278376990241,309.9,,
1950,3.430758818181818,1.6152348484848482,1.5977776363636362,0.752249357986646,1.6160230909090907,0.7608394966615304,3.430758818181818,1.6152348484848482,312.6,,
1951,3.7018611818181815,1.7428724961479196,1.7182862727272727,0.8089860041088854,1.7389497272727272,0.8187145608628659,3.7018611818181815,1.7428724961479196,312.43333333333334,,
1952,3.740062090909091,1.7608578582434513,1.7404363636363636,0.8194144838212634,1.7624579999999999,0.8297824858757061,3.740062090909091,1.7608578582434513,312.2666666666667,,
1953,3.8258738181818184,1.8012588597842836,1.7877376363636364,0.8416843862352337,1.8121592727272728,0.8531823317925012,3.8258738181818184,1.8012588597842836,312.1,,
1954,3.9793224545454544,1.873503980482794,1.8236942727272725,0.8586131227529531,1.8501853636363634,0.8710853877760656,3.9793224545454544,1.873503980482794,311.0,,
1955,4.208509636363637,1.9814075500770416,1.9990088181818182,0.9411529275808936,2.0283095454545452,0.9549479969183358,4.208509636363637,1.9814075500770416,313.5,,
1956,4.358144454545455,2.0518570878274267,2.1280216363636364,1.0018934257832564,2.159791090909091,1.016850796096559,4.358144454545455,2.0518570878274267,316.1222222222224,,
1957,4.488901636363637,2.11341884951207,2.1972826363636364,1.034502182845403,2.230678636363636,1.050225346687211,4.488901636363637,2.11341884951207,314.0,,
1958,4.533759272727273,2.134538263995891,2.258634818181818,1.0633873908577298,2.294005909090909,1.0800404468412943,4.533759272727273,2.134538263995891,314.4,,
1959,4.783524545454545,2.2521302003081662,2.3731576363636364,1.1173058551617874,2.412769909090909,1.1359557010785823,4.783524545454545,2.2521302003081662,315.98,,315.98
1960,4.628185363636364,2.1789949922958396,2.5096502727272725,1.1815679250128401,2.5525759090909093,1.2017777349768874,4.628185363636364,2.1789949922958396,316.91,,316.91
1961,4.640708181818182,2.1848908577298407,2.5149894545454545,1.1840816640986132,2.5597559999999997,1.2051581920903953,4.640708181818182,2.1848908577298407,317.64,,317.64
1962,4.596917181818181,2.1642736260914224,2.6019815454545454,1.2250383923985617,2.6500808181818183,1.2476840010272214,4.596917181818181,2.1642736260914224,318.45,,318.45
1963,4.687734,2.2070310734463274,2.7406486363636366,1.2903242167437083,2.7913707272727275,1.3142046738572162,4.687734,2.2070310734463274,318.99,,318.99
1964,4.758929454545455,2.2405505906522856,2.8863654545454547,1.358929121725732,2.942588181818182,1.385399332306112,4.758929454545455,2.2405505906522856,319.62,,319.62
1965,4.816771363636364,2.26778312788906,3.016265454545454,1.420087313816127,3.0752920909090906,1.4478776322547506,4.816771363636364,2.26778312788906,320.04,,320.04
1966,4.839148909090909,2.278318695428865,3.1618355454545455,1.4886231381612738,3.2253831818181817,1.5185419876733435,4.839148909090909,2.278318695428865,321.37,,321.37
1967,5.0320088181818186,2.369119029275809,3.2618972727272726,1.5357331792501283,3.3273193636363634,1.5665345403184385,5.0320088181818186,2.369119029275809,322.18,,322.18
1968,5.234675454545454,2.4645364663584997,3.439474909090909,1.6193384694401642,3.509094818181818,1.6521162044170516,5.234675454545454,2.4645364663584997,323.05,,323.05
1969,5.634718090909091,2.652880457113508,3.668042727272727,1.7269504365690804,3.7418424545454547,1.7616960708782743,5.634718090909091,2.652880457113508,324.62,,324.62
1970,5.8757612727272726,2.76636594761171,3.9726973636363634,1.870384822804314,4.051305818181818,1.907394453004622,5.8757612727272726,2.76636594761171,325.68,,325.68
1971,5.8905270000000005,2.7733177966101694,4.133493545454546,1.946089239856189,4.216145727272727,1.9850026964560863,5.8905270000000005,2.7733177966101694,326.32,,326.32
1972,6.167616818181819,2.9037743965074476,4.324159363636364,2.035856574216744,4.411774636363637,2.0771067026194148,6.167616818181819,2.9037743965074476,327.46,,327.46
1973,6.349069909090909,2.9892042886492036,4.550590090909091,2.1424623780174623,4.643361272727272,2.186139958911145,6.349069909090909,2.9892042886492036,329.68,,329.68
1974,6.343233545454546,2.9864564714946074,4.528612636363636,2.1321151771956854,4.621506545454546,2.175850539291217,6.343233545454546,2.9864564714946074,330.19,,330.19
1975,6.290401090909091,2.961582434514638,4.527663,2.131668079096045,4.620356454545455,2.1753090652285567,6.290401090909091,2.961582434514638,331.13,,331.13
1976,6.510751636363637,3.065325629173087,4.760842363636365,2.2414512069851056,4.8579477272727285,2.287169363122753,6.510751636363637,3.065325629173087,332.03,,332.03
1977,6.798664363636364,3.2008777606574217,4.891536818181819,2.30298343605547,4.993185,2.350840395480226,6.798664363636364,3.2008777606574217,333.84,,333.84
1978,6.964789909090909,3.279091294298921,5.066121,2.385179378531073,5.174636181818181,2.4362693888032867,6.964789909090909,3.279091294298921,335.41,,335.41
1979,6.903260454545455,3.2501226245505905,5.1961153636363635,2.446381997945557,5.306216181818182,2.49821854134566,6.903260454545455,3.2501226245505905,336.85,336.85,336.84
1980,6.917155636363635,3.2566646122239336,5.169663818181817,2.4339283513097065,5.280433636363636,2.486079866461222,6.917155636363635,3.2566646122239336,338.91,338.91,338.76
1981,6.728090454545455,3.1676508731381614,5.025516818181819,2.366062532100668,5.136295636363636,2.418218284540318,6.728090454545455,3.1676508731381614,340.11,340.11,340.12
1982,6.604346454545454,3.109390986132511,4.985546454545455,2.347244093477144,5.09574109090909,2.3991248073959937,6.604346454545454,3.109390986132511,340.85,340.85,341.48
1983,6.734462454545455,3.1706508731381615,5.029063636363637,2.367732408834104,5.141775000000001,2.4207980225988703,6.734462454545455,3.1706508731381615,342.53,342.53,343.15
1984,7.044413727272726,3.3165789676425264,5.177345727272727,2.437545069337442,5.292195818181818,2.49161761684643,7.044413727272726,3.3165789676425264,344.07,344.07,344.87
1985,7.33011,3.451087570621469,5.362796181818182,2.5248569594247563,5.478907363636363,2.57952324088341,7.33011,3.451087570621469,345.54,345.54,346.35
1986,7.451300727272726,3.5081453518233174,5.437182545454545,2.5598787878787874,5.55766909090909,2.6166050333846935,7.451300727272726,3.5081453518233174,346.97,346.97,347.61
1987,7.508035909090909,3.534856831022085,5.610855818181817,2.6416458654340005,5.73586909090909,2.7005033384694395,7.508035909090909,3.534856831022085,348.68,348.68,349.31
1988,7.632541090909092,3.5934750898818697,5.822011636363636,2.741060092449923,5.953446545454546,2.8029409347714433,7.632541090909092,3.5934750898818697,351.16,351.16,351.69
1989,7.662002181818183,3.6073456599897282,5.896667727272728,2.776208911145352,6.0308694545454555,2.8393923985618903,7.662002181818183,3.6073456599897282,352.79,352.79,353.2
1990,7.697669454545456,3.624138161273755,5.97359890909091,2.8124288649203906,6.107923090909092,2.8756700051361075,7.697669454545456,3.624138161273755,354.06,354.06,354.45
1991,7.794340636363636,3.669651900359527,6.096615545454545,2.8703463020030817,6.2342593636363635,2.9351503595274777,7.794340636363636,3.669651900359527,355.4,355.4,355.7
1992,7.677493363636364,3.6146390600924496,5.906451545454546,2.780815228556754,6.049884818181819,2.848345017976374,7.677493363636364,3.6146390600924496,356.09,356.09,356.54
1993,7.68148690909091,3.6165192604006164,5.96797990909091,2.809783384694402,6.117861818181819,2.88034925526451,7.68148690909091,3.6165192604006164,356.84,356.84,357.21
1994,7.996018636363636,3.764603877760657,6.017204454545454,2.8329587827426805,6.177225545454545,2.908298279404211,7.996018636363636,3.764603877760657,358.33,358.33,358.96
1995,8.035047000000002,3.782978813559323,6.1536965454545465,2.8972205957883927,6.3228430909090925,2.9768564458140734,8.035047000000002,3.782978813559323,360.18,360.18,360.97
1996,8.303082272727275,3.9091724447868526,6.346158545454546,2.987833590138675,6.518947363636365,3.0691842578325637,8.303082272727275,3.9091724447868526,361.93,361.93,362.74
1997,8.74194409090909,4.115792886492039,6.375095181818182,3.001457241910632,6.5547758181818185,3.086052645095018,8.74194409090909,4.115792886492039,363.04,363.04,363.88
1998,8.383171636363638,3.9468793014894716,6.351671454545456,2.9904291217257324,6.530743090909092,3.0747378017462768,8.383171636363638,3.9468793014894716,365.7,365.7,366.84
1999,8.464846090909091,3.985332434514638,6.487599545454547,3.05442539804828,6.675248727272729,3.1427724704673863,8.464846090909091,3.985332434514638,367.8,367.8,368.54
2000,8.537887636363637,4.019721109399075,6.665907545454547,3.138374550590653,6.861770727272729,3.2305888546481776,8.537887636363637,4.019721109399075,368.96,368.96,369.71
2001,8.402520545454545,3.955988957370313,6.708488181818183,3.1584219311761688,6.913237636363637,3.254819979455573,8.402520545454545,3.955988957370313,370.57,370.57,371.32
2002,8.729726727272727,4.1100408320493065,6.855354,3.2275677966101695,7.067809636363637,3.3275939907550076,8.729726727272727,4.1100408320493065,372.58,372.58,373.45
2003,9.443371090909093,4.4460315870570115,7.212831818181818,3.395871854134566,7.446677727272728,3.5059687981510015,9.443371090909093,4.4460315870570115,375.14,375.14,375.98
2004,9.457332272727273,4.452604648176682,7.455570000000001,3.5101553672316386,7.699914545454546,3.6251951720595788,9.457332272727273,4.452604648176682,376.95,376.95,377.7
2005,9.586236545454545,4.513294042116075,7.704994363636364,3.627586800205444,7.968660545454546,3.7517234206471497,9.586236545454545,4.513294042116075,378.98,378.98,379.98
2006,9.883030909090909,4.653027734976887,7.951839545454545,3.7438039291217255,8.237465181818182,3.8782792758089366,9.883030909090909,4.653027734976887,381.15,381.15,382.09
2007,10.011015,4.713283898305085,8.17845,3.8504943502824855,8.485595181818182,3.9951013097072416,10.011015,4.713283898305085,382.9,382.9,384.02
2008,10.26016690909091,4.830587057010786,8.326962272727274,3.920415382639959,8.637161454545454,4.066460195172059,10.26016690909091,4.830587057010786,385.02,385.02,385.83
2009,10.282503272727274,4.841103235747304,8.181024272727273,3.8517063430919363,8.500280454545456,4.002015279917822,10.282503272727274,4.841103235747304,386.5,386.5,387.64
2010,10.769203909090908,5.070246661530559,8.650210636363637,4.072603877760657,8.991614181818182,4.233340010272213,10.769203909090908,5.070246661530559,388.75,388.75,390.1
2011,11.04470590909091,5.199955701078583,8.934532363636364,4.206465331278891,9.301281545454547,4.379134437596303,11.04470590909091,5.199955701078583,390.62,390.62,391.85
2012,11.251962545454546,5.2975341551104265,9.053923636363637,4.262675911658962,9.429565636363638,4.439531843862353,11.251962545454546,5.2975341551104265,392.65,392.65,394.06
2013,11.232481909090911,5.2883624807396,9.115885090909092,4.291847971237802,9.508976181818184,4.476919106317412,11.232481909090911,5.2883624807396,395.4,395.4,396.74
2014,11.309406818181818,5.32457948125321,9.154217181818181,4.309895095017976,9.561249272727272,4.501529789419619,11.309406818181818,5.32457948125321,397.34,397.34,398.81
2015,11.315049,5.327235875706214,9.145969636363636,4.306012069851053,9.538878545454546,4.490997431946584,11.315049,5.327235875706214,399.65,399.65,401.01
2016,11.007902999999999,5.182628531073446,9.138984818181818,4.30272354904982,9.541570363636362,4.492264766307138,11.007902999999999,5.182628531073446,403.07,403.07,404.41
2017,11.142546,5.246019774011299,9.285896454545455,4.371890986132511,9.69497290909091,4.564488186954288,11.142546,5.246019774011299,405.22,405.22,406.76
2018,11.224867636363637,5.284777606574217,9.471538909090908,4.459293271700051,9.893406818181818,4.657912814586543,11.224867636363637,5.284777606574217,407.61,407.61,408.72
2019,11.328604636363636,5.333618002054442,9.55508509090909,4.498627632254751,9.99573790909091,4.706091294298921,11.328604636363636,5.333618002054442,410.07,410.07,411.65
2020,10.707488181818183,5.04119029275809,9.032781272727272,4.252721879815099,9.475704545454546,4.4612544940934775,10.707488181818183,5.04119029275809,412.44,412.44,414.21
2021,11.20563190909091,5.275721237801746,9.48090790909091,4.463704288649204,9.93551290909091,4.67773677452491,11.20563190909091,5.275721237801746,414.7,414.7,416.41
2022,11.42341009090909,5.37825333846944,9.687738,4.561081920903955,10.118303181818183,4.76379622496148,11.42341009090909,5.37825333846944,417.08,417.08,418.53
2023,11.56762881818182,5.446152927580894,9.853309636363637,4.639034668721109,10.273387636363637,4.836811504879302,11.56762881818182,5.446152927580894,419.35,419.35,421.08
2024,11.661739636363636,5.490461222393425,10.00946890909091,4.712555983564458,10.411146545454546,4.901669748330765,11.661739636363636,5.490461222393425,422.79,422.79,424.61
